PMID,Title,Authors,Citation,First Author,Journal/Book,Publication Year,Create Date,PMCID,NIHMS ID,DOI
"39663467","Self-improving generative foundation model for synthetic medical image generation and clinical applications","Wang J, Wang K, Yu Y, Lu Y, Xiao W, Sun Z, Liu F, Zou Z, Gao Y, Yang L, Zhou HY, Miao H, Zhao W, Huang L, Zeng L, Guo R, Chong I, Deng B, Cheng L, Chen X, Luo J, Zhu MH, Baptista-Hon D, Monteiro O, Li M, Ke Y, Li J, Zeng S, Guan T, Zeng J, Xue K, Oermann E, Luo H, Yin Y, Zhang K, Qu J.","Nat Med. 2025 Feb;31(2):609-617. doi: 10.1038/s41591-024-03359-y. Epub 2024 Dec 11.","Wang J","Nat Med","2025","2024/12/11","","","10.1038/s41591-024-03359-y"
"37704705","A generalisation of the method of regression calibration","Little MP, Hamada N, Zablotska LB.","Sci Rep. 2023 Sep 13;13(1):15127. doi: 10.1038/s41598-023-42283-y.","Little MP","Sci Rep","2023","2023/09/13","PMC10499875","","10.1038/s41598-023-42283-y"
"41193692","A multimodal whole-slide foundation model for pathology","Ding T, Wagner SJ, Song AH, Chen RJ, Lu MY, Zhang A, Vaidya AJ, Jaume G, Shaban M, Kim A, Williamson DFK, Robertson H, Chen B, Almagro-Pérez C, Doucet P, Sahai S, Chen C, Chen CS, Komura D, Kawabe A, Ochi M, Sato S, Yokose T, Miyagi Y, Ishikawa S, Gerber G, Peng T, Le LP, Mahmood F.","Nat Med. 2025 Nov;31(11):3749-3761. doi: 10.1038/s41591-025-03982-3. Epub 2025 Nov 5.","Ding T","Nat Med","2025","2025/11/05","PMC12618242","","10.1038/s41591-025-03982-3"
"36860496","Bayesian Inference-Based Gaussian Mixture Models With Optimal Components Estimation Towards Large-Scale Synthetic Data Generation for In Silico Clinical Trials","Pezoulas VC, Tachos NS, Gkois G, Olivotto I, Barlocco F, Fotiadis DI.","IEEE Open J Eng Med Biol. 2022 Jun 10;3:108-114. doi: 10.1109/OJEMB.2022.3181796. eCollection 2022.","Pezoulas VC","IEEE Open J Eng Med Biol","2022","2023/03/02","PMC9970043","","10.1109/OJEMB.2022.3181796"
"27649100","A 4D biomechanical lung phantom for joint segmentation/registration evaluation","Markel D, Levesque I, Larkin J, Léger P, El Naqa I.","Phys Med Biol. 2016 Oct 7;61(19):7012-7030. doi: 10.1088/0031-9155/61/19/7012. Epub 2016 Sep 20.","Markel D","Phys Med Biol","2016","2016/09/21","","","10.1088/0031-9155/61/19/7012"
"34457148","Generative Adversarial Networks for Creating Synthetic Free-Text Medical Data: A Proposal for Collaborative Research and Re-use of Machine Learning Models","Kasthurirathne SN, Dexter G, Grannis SJ.","AMIA Jt Summits Transl Sci Proc. 2021 May 17;2021:335-344. eCollection 2021.","Kasthurirathne SN","AMIA Jt Summits Transl Sci Proc","2021","2021/08/30","PMC8378601","",""
"39929595","Generative Versus Nongenerative Artificial Intelligence","Hasan SS, Woo JJ, Cote MP, Ramkumar PN.","Arthroscopy. 2025 Mar;41(3):545-546. doi: 10.1016/j.arthro.2024.12.001.","Hasan SS","Arthroscopy","2025","2025/02/10","","","10.1016/j.arthro.2024.12.001"
"36869925","Tissue-growth-based synthetic tree generation and perfusion simulation","Kim HJ, Rundfeldt HC, Lee I, Lee S.","Biomech Model Mechanobiol. 2023 Jun;22(3):1095-1112. doi: 10.1007/s10237-023-01703-8. Epub 2023 Mar 4.","Kim HJ","Biomech Model Mechanobiol","2023","2023/03/04","PMC10167159","","10.1007/s10237-023-01703-8"
"36380246","DataSifterText: Partially Synthetic Text Generation for Sensitive Clinical Notes","Zhou N, Wu Q, Wu Z, Marino S, Dinov ID.","J Med Syst. 2022 Nov 16;46(12):96. doi: 10.1007/s10916-022-01880-6.","Zhou N","J Med Syst","2022","2022/11/15","PMC10111580","NIHMS1885013","10.1007/s10916-022-01880-6"
"38112583","Aerobic training and vitamin E administration ameliorates cardiac apoptosis markers in rats exposed to methamphetamine","Salimi H, Haghighi AH, Ababzadeh S, Marefati H, Abbasian S, Pond AL, Gentil P.","Eur J Transl Myol. 2023 Dec 11;33(4):12112. doi: 10.4081/ejtm.2023.12112.","Salimi H","Eur J Transl Myol","2023","2023/12/19","PMC10811645","","10.4081/ejtm.2023.12112"
"40360460","Improving AI models for rare thyroid cancer subtype by text guided diffusion models","Dai F, Yao S, Wang M, Zhu Y, Qiu X, Sun P, Qiu C, Yin J, Shen G, Sun J, Wang M, Wang Y, Yang Z, Sang J, Wang X, Sun F, Cai W, Zhang X, Lu H.","Nat Commun. 2025 May 13;16(1):4449. doi: 10.1038/s41467-025-59478-8.","Dai F","Nat Commun","2025","2025/05/13","PMC12075465","","10.1038/s41467-025-59478-8"
"31647443","A Method for Generating Synthetic Electronic Medical Record Text","Guan J, Li R, Yu S, Zhang X.","IEEE/ACM Trans Comput Biol Bioinform. 2021 Jan-Feb;18(1):173-182. doi: 10.1109/TCBB.2019.2948985. Epub 2021 Feb 3.","Guan J","IEEE/ACM Trans Comput Biol Bioinform","2021","2019/10/25","","","10.1109/TCBB.2019.2948985"
"40520216","Synthetic4Health: generating annotated synthetic clinical letters","Ren L, Belkadi S, Han L, Del-Pinto W, Nenadic G.","Front Digit Health. 2025 May 30;7:1497130. doi: 10.3389/fdgth.2025.1497130. eCollection 2025.","Ren L","Front Digit Health","2025","2025/06/16","PMC12163008","","10.3389/fdgth.2025.1497130"
"36222162","Leveraging deep learning algorithms for synthetic data generation to design and analyze biological networks","Achuthan S, Chatterjee R, Kotnala S, Mohanty A, Bhattacharya S, Salgia R, Kulkarni P.","J Biosci. 2022;47:43.","Achuthan S","J Biosci","2022","2022/10/12","","",""
"38610288","MAM-E: Mammographic Synthetic Image Generation with Diffusion Models","Montoya-Del-Angel R, Sam-Millan K, Vilanova JC, Martí R.","Sensors (Basel). 2024 Mar 24;24(7):2076. doi: 10.3390/s24072076.","Montoya-Del-Angel R","Sensors (Basel)","2024","2024/04/13","PMC11014323","","10.3390/s24072076"
"39712811","Evaluating Text-to-Image Generated Photorealistic Images of Human Anatomy","Muhr P, Pan Y, Tumescheit C, Kübler AK, Parmaksiz HK, Chen C, Bolaños Orozco PS, Lienkamp SS, Hastings J.","Cureus. 2024 Nov 21;16(11):e74193. doi: 10.7759/cureus.74193. eCollection 2024 Nov.","Muhr P","Cureus","2024","2024/12/23","PMC11663238","","10.7759/cureus.74193"
"40494945","Empirical evaluation of artificial intelligence distillation techniques for ascertaining cancer outcomes from electronic health records","Riaz IB, Naqvi SAA, Ashraf N, Harris GJ, Kehl KL.","NPJ Digit Med. 2025 Jun 10;8(1):347. doi: 10.1038/s41746-025-01646-7.","Riaz IB","NPJ Digit Med","2025","2025/06/10","PMC12152177","","10.1038/s41746-025-01646-7"
"38200151","Large language models to identify social determinants of health in electronic health records","Guevara M, Chen S, Thomas S, Chaunzwa TL, Franco I, Kann BH, Moningi S, Qian JM, Goldstein M, Harper S, Aerts HJWL, Catalano PJ, Savova GK, Mak RH, Bitterman DS.","NPJ Digit Med. 2024 Jan 11;7(1):6. doi: 10.1038/s41746-023-00970-0.","Guevara M","NPJ Digit Med","2024","2024/01/10","PMC10781957","","10.1038/s41746-023-00970-0"
"37362656","Multimodal medical tensor fusion network-based DL framework for abnormality prediction from the radiology CXRs and clinical text reports","Shetty S, S AV, Mahale A.","Multimed Tools Appl. 2023 Apr 21:1-48. doi: 10.1007/s11042-023-14940-x. Online ahead of print.","Shetty S","Multimed Tools Appl","2023","2023/06/26","PMC10119019","","10.1007/s11042-023-14940-x"
"37973919","A study of generative large language model for medical research and healthcare","Peng C, Yang X, Chen A, Smith KE, PourNejatian N, Costa AB, Martin C, Flores MG, Zhang Y, Magoc T, Lipori G, Mitchell DA, Ospina NS, Ahmed MM, Hogan WR, Shenkman EA, Guo Y, Bian J, Wu Y.","NPJ Digit Med. 2023 Nov 16;6(1):210. doi: 10.1038/s41746-023-00958-w.","Peng C","NPJ Digit Med","2023","2023/11/17","PMC10654385","","10.1038/s41746-023-00958-w"
"39442600","ChatGPT-4 extraction of heart failure symptoms and signs from electronic health records","Workman TE, Ahmed A, Sheriff HM, Raman VK, Zhang S, Shao Y, Faselis C, Fonarow GC, Zeng-Treitler Q.","Prog Cardiovasc Dis. 2024 Nov-Dec;87:44-49. doi: 10.1016/j.pcad.2024.10.010. Epub 2024 Oct 21.","Workman TE","Prog Cardiovasc Dis","2024","2024/10/23","","","10.1016/j.pcad.2024.10.010"
"36411295","Prediction of [Formula: see text]-Thalassemia carriers using complete blood count features","Rustam F, Ashraf I, Jabbar S, Tutusaus K, Mazas C, Barrera AEP, de la Torre Diez I.","Sci Rep. 2022 Nov 21;12(1):19999. doi: 10.1038/s41598-022-22011-8.","Rustam F","Sci Rep","2022","2022/11/21","PMC9678892","","10.1038/s41598-022-22011-8"
"31445246","Classifying adverse drug reactions from imbalanced twitter data","Dai HJ, Wang CK.","Int J Med Inform. 2019 Sep;129:122-132. doi: 10.1016/j.ijmedinf.2019.05.017. Epub 2019 May 30.","Dai HJ","Int J Med Inform","2019","2019/08/25","","","10.1016/j.ijmedinf.2019.05.017"
"40044818","A data-efficient strategy for building high-performing medical foundation models","Sun Y, Tan W, Gu Z, He R, Chen S, Pang M, Yan B.","Nat Biomed Eng. 2025 Apr;9(4):539-551. doi: 10.1038/s41551-025-01365-0. Epub 2025 Mar 5.","Sun Y","Nat Biomed Eng","2025","2025/03/05","","","10.1038/s41551-025-01365-0"
"37928464","Finetuning of GLIDE stable diffusion model for AI-based text-conditional image synthesis of dermoscopic images","Shavlokhova V, Vollmer A, Zouboulis CC, Vollmer M, Wollborn J, Lang G, Kübler A, Hartmann S, Stoll C, Roider E, Saravi B.","Front Med (Lausanne). 2023 Oct 20;10:1231436. doi: 10.3389/fmed.2023.1231436. eCollection 2023.","Shavlokhova V","Front Med (Lausanne)","2023","2023/11/06","PMC10623307","","10.3389/fmed.2023.1231436"
"30020079","4D dose calculation for pencil beam scanning proton therapy of pancreatic cancer using repeated 4DMRI datasets","Dolde K, Naumann P, Dávid C, Gnirs R, Kachelrieß M, Lomax AJ, Saito N, Weber DC, Pfaffenberger A, Zhang Y.","Phys Med Biol. 2018 Aug 10;63(16):165005. doi: 10.1088/1361-6560/aad43f.","Dolde K","Phys Med Biol","2018","2018/07/19","","","10.1088/1361-6560/aad43f"
"39451948","FLCMC: Federated Learning Approach for Chinese Medicinal Text Classification","Hu G, Fang X.","Entropy (Basel). 2024 Oct 17;26(10):871. doi: 10.3390/e26100871.","Hu G","Entropy (Basel)","2024","2024/10/25","PMC11507499","","10.3390/e26100871"
"41421266","CLIP-Guided Generative network for pathology nuclei image augmentation","Zhang Y, Liu Q, Chen Q, Bai X.","Med Image Anal. 2025 Dec 14;109:103908. doi: 10.1016/j.media.2025.103908. Online ahead of print.","Zhang Y","Med Image Anal","2025","2025/12/20","","","10.1016/j.media.2025.103908"
"41366470","The simultaneous targeted Inhibition of ISG15 and HMGCR disrupts cancer stemness through metabolic collapse and induces synthetic lethality in pancreatic ductal adenocarcinoma","Sun J, Wang JM, Zhang Q, Lin WY, Tang L, Lu SY, Li BQ, Du ZX, Wang HQ.","J Exp Clin Cancer Res. 2025 Dec 9;44(1):317. doi: 10.1186/s13046-025-03561-x.","Sun J","J Exp Clin Cancer Res","2025","2025/12/09","PMC12690959","","10.1186/s13046-025-03561-x"
"30687797","Natural language generation for electronic health records","Lee SH.","NPJ Digit Med. 2018 Nov 19;1:63. doi: 10.1038/s41746-018-0070-0. Print 2018.","Lee SH","NPJ Digit Med","2018","2019/01/29","PMC6345174","NIHMS1004482","10.1038/s41746-018-0070-0"
"34741702","GAN for synthesizing CT from T2-weighted MRI data towards MR-guided radiation treatment","Ranjan A, Lalwani D, Misra R.","MAGMA. 2022 Jun;35(3):449-457. doi: 10.1007/s10334-021-00974-5. Epub 2021 Nov 6.","Ranjan A","MAGMA","2022","2021/11/06","","","10.1007/s10334-021-00974-5"
"36329253","DeepFake knee osteoarthritis X-rays from generative adversarial neural networks deceive medical experts and offer augmentation potential to automatic classification","Prezja F, Paloneva J, Pölönen I, Niinimäki E, Äyrämö S.","Sci Rep. 2022 Nov 3;12(1):18573. doi: 10.1038/s41598-022-23081-4.","Prezja F","Sci Rep","2022","2022/11/04","PMC9633706","","10.1038/s41598-022-23081-4"
"28424934","Synthesis, antioxidant and antimicrobial activities of novel thiopyrano[2,3-d]thiazoles based on aroylacrylic acids","Lozynskyi A, Zasidko V, Atamanyuk D, Kaminskyy D, Derkach H, Karpenko O, Ogurtsov V, Kutsyk R, Lesyk R.","Mol Divers. 2017 May;21(2):427-436. doi: 10.1007/s11030-017-9737-8. Epub 2017 Apr 19.","Lozynskyi A","Mol Divers","2017","2017/04/21","","","10.1007/s11030-017-9737-8"
"37452165","Accurate detection of paroxysmal atrial fibrillation with certified-GAN and neural architecture search","Asadi M, Poursalim F, Loni M, Daneshtalab M, Sjödin M, Gharehbaghi A.","Sci Rep. 2023 Jul 14;13(1):11378. doi: 10.1038/s41598-023-38541-8.","Asadi M","Sci Rep","2023","2023/07/14","PMC10349064","","10.1038/s41598-023-38541-8"
"35312030","Parametric image generation with the uEXPLORER total-body PET/CT system through deep learning","Huang Z, Wu Y, Fu F, Meng N, Gu F, Wu Q, Zhou Y, Yang Y, Liu X, Zheng H, Liang D, Wang M, Hu Z.","Eur J Nucl Med Mol Imaging. 2022 Jul;49(8):2482-2492. doi: 10.1007/s00259-022-05731-x. Epub 2022 Mar 21.","Huang Z","Eur J Nucl Med Mol Imaging","2022","2022/03/21","","","10.1007/s00259-022-05731-x"
"39732434","Evaluating ChatGPT's Multilingual Performance in Clinical Nutrition Advice Using Synthetic Medical Text: Insights from Central Asia","Adilmetova G, Nassyrov R, Meyerbekova A, Karabay A, Varol HA, Chan MY.","J Nutr. 2025 Mar;155(3):729-735. doi: 10.1016/j.tjnut.2024.12.018. Epub 2024 Dec 26.","Adilmetova G","J Nutr","2025","2024/12/28","","","10.1016/j.tjnut.2024.12.018"
"34078935","Radius-optimized efficient template matching for lesion detection from brain images","Koley S, Dutta PK, Aganj I.","Sci Rep. 2021 Jun 2;11(1):11586. doi: 10.1038/s41598-021-90147-0.","Koley S","Sci Rep","2021","2021/06/03","PMC8172536","","10.1038/s41598-021-90147-0"
"40499374","Detecting the clinical features of difficult-to-treat depression using synthetic data from large language models","Lorge I, Joyce DW, Taylor N, Nevado-Holgado A, Cipriani A, Kormilitzin A.","Comput Biol Med. 2025 Aug;194:110246. doi: 10.1016/j.compbiomed.2025.110246. Epub 2025 Jun 10.","Lorge I","Comput Biol Med","2025","2025/06/11","","","10.1016/j.compbiomed.2025.110246"
"41185018","Itaconate-functionalized tetrahedral framework nucleic acids break the dry eye vicious cycle through dual antioxidant and anti-inflammatory actions","Jiang K, Lin Z, Cheng M, Chen Y, Jiang Y, Xu C, Zhu L, Gong B, Zhang C, Hong J.","J Nanobiotechnology. 2025 Nov 3;23(1):699. doi: 10.1186/s12951-025-03742-y.","Jiang K","J Nanobiotechnology","2025","2025/11/04","PMC12581332","","10.1186/s12951-025-03742-y"
"41447487","Leveraging Clinical Text and Class Conditioning for 3D Prostate MRI Generation","Grabke EP, Taati B, Haider MA.","IEEE Trans Biomed Eng. 2025 Dec 25;PP. doi: 10.1109/TBME.2025.3648426. Online ahead of print.","Grabke EP","IEEE Trans Biomed Eng","2025","2025/12/25","","","10.1109/TBME.2025.3648426"
"27119993","Fibrin Sealants in Dura Sealing: A Systematic Literature Review","Esposito F, Angileri FF, Kruse P, Cavallo LM, Solari D, Esposito V, Tomasello F, Cappabianca P.","PLoS One. 2016 Apr 27;11(4):e0151533. doi: 10.1371/journal.pone.0151533. eCollection 2016.","Esposito F","PLoS One","2016","2016/04/28","PMC4847933","","10.1371/journal.pone.0151533"
"40030730","DiffBoost: Enhancing Medical Image Segmentation via Text-Guided Diffusion Model","Zhang Z, Yao L, Wang B, Jha D, Durak G, Keles E, Medetalibeyoglu A, Bagci U.","IEEE Trans Med Imaging. 2025 Sep;44(9):3670-3682. doi: 10.1109/TMI.2024.3519307.","Zhang Z","IEEE Trans Med Imaging","2025","2025/03/03","PMC12573213","NIHMS2111742","10.1109/TMI.2024.3519307"
"38064116","Super-Resolution Reconstruction of CT Images Based on Multi-scale Information Fused Generative Adversarial Networks","Liu X, Su S, Gu W, Yao T, Shen J, Mo Y.","Ann Biomed Eng. 2024 Jan;52(1):57-70. doi: 10.1007/s10439-023-03412-w. Epub 2023 Dec 8.","Liu X","Ann Biomed Eng","2024","2023/12/08","","","10.1007/s10439-023-03412-w"
"37479972","Starvar: symptom-based tool for automatic ranking of variants using evidence from literature and genomes","Kafkas Ș, Abdelhakim M, Uludag M, Althagafi A, Alghamdi M, Hoehndorf R.","BMC Bioinformatics. 2023 Jul 21;24(1):294. doi: 10.1186/s12859-023-05406-w.","Kafkas Ș","BMC Bioinformatics","2023","2023/07/21","PMC10362560","","10.1186/s12859-023-05406-w"
"31175535","Registration of vascular structures using a hybrid mixture model","Bayer S, Zhai Z, Strumia M, Tong X, Gao Y, Staring M, Stoel B, Fahrig R, Nabavi A, Maier A, Ravikumar N.","Int J Comput Assist Radiol Surg. 2019 Sep;14(9):1507-1516. doi: 10.1007/s11548-019-02007-y. Epub 2019 Jun 7.","Bayer S","Int J Comput Assist Radiol Surg","2019","2019/06/09","","","10.1007/s11548-019-02007-y"
"40374917","A review on generative AI models for synthetic medical text, time series, and longitudinal data","Loni M, Poursalim F, Asadi M, Gharehbaghi A.","NPJ Digit Med. 2025 May 15;8(1):281. doi: 10.1038/s41746-024-01409-w.","Loni M","NPJ Digit Med","2025","2025/05/15","PMC12081667","","10.1038/s41746-024-01409-w"
"38213944","Two Directions for Clinical Data Generation with Large Language Models: Data-to-Label and Label-to-Data","Li R, Wang X, Yu H.","Proc Conf Empir Methods Nat Lang Process. 2023 Dec;2023:7129-7143. doi: 10.18653/v1/2023.findings-emnlp.474.","Li R","Proc Conf Empir Methods Nat Lang Process","2023","2024/01/12","PMC10782150","NIHMS1956595","10.18653/v1/2023.findings-emnlp.474"
"40962129","SynthMedic: Utilizing large language models for synthetic discharge summary generation, correction and validation","Grazhdanski G, Vasilev V, Vassileva S, Taskov D, Antova I, Koychev I, Boytcheva S.","J Biomed Inform. 2025 Oct;170:104906. doi: 10.1016/j.jbi.2025.104906. Epub 2025 Sep 15.","Grazhdanski G","J Biomed Inform","2025","2025/09/17","","","10.1016/j.jbi.2025.104906"
"35778708","Using an optimized generative model to infer the progression of complications in type 2 diabetes patients","Wang X, Lin Y, Xiong Y, Zhang S, He Y, He Y, Zhang Z, Plasek JM, Zhou L, Bates DW, Tang C.","BMC Med Inform Decis Mak. 2022 Jul 1;22(1):174. doi: 10.1186/s12911-022-01915-5.","Wang X","BMC Med Inform Decis Mak","2022","2022/07/01","PMC9250218","","10.1186/s12911-022-01915-5"
"39560937","Leveraging Open-Source Large Language Models for Data Augmentation in Hospital Staff Surveys: Mixed Methods Study","Ehrett C, Hegde S, Andre K, Liu D, Wilson T.","JMIR Med Educ. 2024 Nov 19;10:e51433. doi: 10.2196/51433.","Ehrett C","JMIR Med Educ","2024","2024/11/19","PMC11590755","","10.2196/51433"
"40753316","Multi-model assurance analysis showing large language models are highly vulnerable to adversarial hallucination attacks during clinical decision support","Omar M, Sorin V, Collins JD, Reich D, Freeman R, Gavin N, Charney A, Stump L, Bragazzi NL, Nadkarni GN, Klang E.","Commun Med (Lond). 2025 Aug 2;5(1):330. doi: 10.1038/s43856-025-01021-3.","Omar M","Commun Med (Lond)","2025","2025/08/02","PMC12318031","","10.1038/s43856-025-01021-3"
"41160371","Long-term persistence of biological agents in the treatment of patients with rheumatoid arthritis: a systematic literature review and meta-analysis","Schneeberger EE, Felquer MLA, Citera G, Soriano E, Mysler E, Masson W, Lobo LM.","Clin Rheumatol. 2025 Oct 29. doi: 10.1007/s10067-025-07700-9. Online ahead of print.","Schneeberger EE","Clin Rheumatol","2025","2025/10/29","","","10.1007/s10067-025-07700-9"
"33299110","A large-scale internal validation study of unsupervised virtual trichrome staining technologies on nonalcoholic steatohepatitis liver biopsies","Levy JJ, Azizgolshani N, Andersen MJ Jr, Suriawinata A, Liu X, Lisovsky M, Ren B, Bobak CA, Christensen BC, Vaickus LJ.","Mod Pathol. 2021 Apr;34(4):808-822. doi: 10.1038/s41379-020-00718-1. Epub 2020 Dec 9.","Levy JJ","Mod Pathol","2021","2020/12/10","PMC7985027","NIHMS1646326","10.1038/s41379-020-00718-1"
"40270415","Development of a Synthetic Oncology Pathology Dataset for Large Language Model Evaluation in Medical Text Classification","Hackl WO, Neururer SB, Richter S, Taha H, Muehlboeck H, Hickmann C, Gscheidlinger P, Danler M, Schweitzer M, Ueberegger M, Pfeifer B.","Stud Health Technol Inform. 2025 Apr 24;324:215-220. doi: 10.3233/SHTI250191.","Hackl WO","Stud Health Technol Inform","2025","2025/04/24","","","10.3233/SHTI250191"
"40369014","Evaluation of synthetic data impact on fire segmentation models performance","Arlovic M, Hrzic F, Patel M, Bednarz T, Balen J.","Sci Rep. 2025 May 14;15(1):16759. doi: 10.1038/s41598-025-01571-5.","Arlovic M","Sci Rep","2025","2025/05/14","PMC12078519","","10.1038/s41598-025-01571-5"
"39936416","Informatics Approach Towards Targeting HTR1B Pathways in Neuropharmacology for Migraine Treatment","Ahmad S, Wang L, Zafar I, Abbas Z, Unar A, Mohany M, Al-Rejaie SS, Ullah Khan N, Ali I, Shafiq M.","Curr Neuropharmacol. 2025;23(14):1939-1961. doi: 10.2174/011570159X341703250130064735.","Ahmad S","Curr Neuropharmacol","2025","2025/02/12","PMC12676031","","10.2174/011570159X341703250130064735"
"40863396","Enhancing and Not Replacing Clinical Expertise: Improving Named-Entity Recognition in Colonoscopy Reports Through Mixed Real-Synthetic Training Sources","Ioanovici AC, Feier AM, Mărușteri MȘ, Trâmbițaș-Miron AD, Dobru DE.","J Pers Med. 2025 Jul 30;15(8):334. doi: 10.3390/jpm15080334.","Ioanovici AC","J Pers Med","2025","2025/08/27","PMC12387308","","10.3390/jpm15080334"
"39465329","Synergistic pairing of synthetic image generation with disease classification modeling permits rapid digital classification tool development","Allan-Blitz LT, Ambepitiya S, Prathapa J, Rietmeijer CA, Kularathne Y, Klausner JD.","Sci Rep. 2024 Oct 27;14(1):25632. doi: 10.1038/s41598-024-77565-6.","Allan-Blitz LT","Sci Rep","2024","2024/10/28","PMC11514197","","10.1038/s41598-024-77565-6"
"31187399","Enabling machine learning in X-ray-based procedures via realistic simulation of image formation","Unberath M, Zaech JN, Gao C, Bier B, Goldmann F, Lee SC, Fotouhi J, Taylor R, Armand M, Navab N.","Int J Comput Assist Radiol Surg. 2019 Sep;14(9):1517-1528. doi: 10.1007/s11548-019-02011-2. Epub 2019 Jun 11.","Unberath M","Int J Comput Assist Radiol Surg","2019","2019/06/13","PMC7297499","NIHMS1594174","10.1007/s11548-019-02011-2"
"41309776","Enhanced early chronic kidney disease prediction using hybrid waterwheel plant algorithm for deep neural network optimization","Khafaga DS, Khodadadi N, Khodadadi E, Ali Alhussan A, Eid MM, El-Kenawy EM.","Sci Rep. 2025 Nov 27;15(1):42584. doi: 10.1038/s41598-025-26382-6.","Khafaga DS","Sci Rep","2025","2025/11/27","PMC12663282","","10.1038/s41598-025-26382-6"
"31932774","FLOW-MAP: a graph-based, force-directed layout algorithm for trajectory mapping in single-cell time course datasets","Ko ME, Williams CM, Fread KI, Goggin SM, Rustagi RS, Fragiadakis GK, Nolan GP, Zunder ER.","Nat Protoc. 2020 Feb;15(2):398-420. doi: 10.1038/s41596-019-0246-3. Epub 2020 Jan 13.","Ko ME","Nat Protoc","2020","2020/01/15","PMC7897424","NIHMS1668579","10.1038/s41596-019-0246-3"
"31378841","Synthesis of CT images from digital body phantoms using CycleGAN","Russ T, Goerttler S, Schnurr AK, Bauer DF, Hatamikia S, Schad LR, Zöllner FG, Chung K.","Int J Comput Assist Radiol Surg. 2019 Oct;14(10):1741-1750. doi: 10.1007/s11548-019-02042-9. Epub 2019 Aug 5.","Russ T","Int J Comput Assist Radiol Surg","2019","2019/08/06","","","10.1007/s11548-019-02042-9"
"38519155","Foresight-a generative pretrained transformer for modelling of patient timelines using electronic health records: a retrospective modelling study","Kraljevic Z, Bean D, Shek A, Bendayan R, Hemingway H, Yeung JA, Deng A, Baston A, Ross J, Idowu E, Teo JT, Dobson RJB.","Lancet Digit Health. 2024 Apr;6(4):e281-e290. doi: 10.1016/S2589-7500(24)00025-6.","Kraljevic Z","Lancet Digit Health","2024","2024/03/22","PMC11220626","","10.1016/S2589-7500(24)00025-6"
"33445771","A R-Script for Generating Multiple Sclerosis Lesion Pattern Discrimination Plots","Marschallinger R, Tur C, Marschallinger H, Sellner J.","Brain Sci. 2021 Jan 12;11(1):90. doi: 10.3390/brainsci11010090.","Marschallinger R","Brain Sci","2021","2021/01/15","PMC7830121","","10.3390/brainsci11010090"
"33931726","Synthetic single cell RNA sequencing data from small pilot studies using deep generative models","Treppner M, Salas-Bastos A, Hess M, Lenz S, Vogel T, Binder H.","Sci Rep. 2021 Apr 30;11(1):9403. doi: 10.1038/s41598-021-88875-4.","Treppner M","Sci Rep","2021","2021/05/01","PMC8087667","","10.1038/s41598-021-88875-4"
"40628783","Optimizing machine learning for network inference through comparative analysis of model performance in synthetic and real-world networks","Khan R, Khan S, Pari B, Puszynski K.","Sci Rep. 2025 Jul 8;15(1):24472. doi: 10.1038/s41598-025-02982-0.","Khan R","Sci Rep","2025","2025/07/08","PMC12238644","","10.1038/s41598-025-02982-0"
"31392671","Improving realism in patient-specific abdominal ultrasound simulation using CycleGANs","Vitale S, Orlando JI, Iarussi E, Larrabide I.","Int J Comput Assist Radiol Surg. 2020 Feb;15(2):183-192. doi: 10.1007/s11548-019-02046-5. Epub 2019 Aug 7.","Vitale S","Int J Comput Assist Radiol Surg","2020","2019/08/09","","","10.1007/s11548-019-02046-5"
"29945502","Compound property enhancement by virtual compound synthesis","Arai N, Yoshikawa S, Yasuo N, Yoshino R, Sekijima M.","J Bioinform Comput Biol. 2018 Jun;16(3):1840016. doi: 10.1142/S0219720018400164.","Arai N","J Bioinform Comput Biol","2018","2018/06/28","","","10.1142/S0219720018400164"
"40040103","Synthesizing CTA Image Data for Type-B Aortic Dissection using Stable Diffusion Models","Abaid A, Ali Farooq M, Hynes N, Corcoran P, Ullah I.","Annu Int Conf IEEE Eng Med Biol Soc. 2024 Jul;2024:1-5. doi: 10.1109/EMBC53108.2024.10782969.","Abaid A","Annu Int Conf IEEE Eng Med Biol Soc","2024","2025/03/05","","","10.1109/EMBC53108.2024.10782969"
"28578250","Increases in synthetic cannabinoids-related harms: Results from a longitudinal web-based content analysis","Lamy FR, Daniulaityte R, Nahhas RW, Barratt MJ, Smith AG, Sheth A, Martins SS, Boyer EW, Carlson RG.","Int J Drug Policy. 2017 Jun;44:121-129. doi: 10.1016/j.drugpo.2017.05.007. Epub 2017 Jun 1.","Lamy FR","Int J Drug Policy","2017","2017/06/05","PMC5545681","NIHMS876447","10.1016/j.drugpo.2017.05.007"
"39187663","A vision-language foundation model for the generation of realistic chest X-ray images","Bluethgen C, Chambon P, Delbrouck JB, van der Sluijs R, Połacin M, Zambrano Chaves JM, Abraham TM, Purohit S, Langlotz CP, Chaudhari AS.","Nat Biomed Eng. 2025 Apr;9(4):494-506. doi: 10.1038/s41551-024-01246-y. Epub 2024 Aug 26.","Bluethgen C","Nat Biomed Eng","2025","2024/08/26","PMC11861387","NIHMS2023706","10.1038/s41551-024-01246-y"
"41401638","MIRAGE: Medical image-text pre-training for robustness against noisy environments","Cheng P, Huang Y, Lin L, Lyu J, Wong KK, Tang X.","Med Image Anal. 2025 Dec 10;109:103912. doi: 10.1016/j.media.2025.103912. Online ahead of print.","Cheng P","Med Image Anal","2025","2025/12/16","","","10.1016/j.media.2025.103912"
"39845288","pyDeid: an improved, fast, flexible, and generalizable rule-based approach for deidentification of free-text medical records","Sundrelingam V, Parimoo S, Pogacar F, Koppula R, Shin S, Pou-Prom C, Roberts SB, Verma AA, Razak F.","JAMIA Open. 2025 Jan 22;8(1):ooae152. doi: 10.1093/jamiaopen/ooae152. eCollection 2025 Feb.","Sundrelingam V","JAMIA Open","2025","2025/01/23","PMC11752853","","10.1093/jamiaopen/ooae152"
"39284061","On the development and validation of large language model-based classifiers for identifying social determinants of health","Gabriel RA, Litake O, Simpson S, Burton BN, Waterman RS, Macias AA.","Proc Natl Acad Sci U S A. 2024 Sep 24;121(39):e2320716121. doi: 10.1073/pnas.2320716121. Epub 2024 Sep 16.","Gabriel RA","Proc Natl Acad Sci U S A","2024","2024/09/16","PMC11441499","","10.1073/pnas.2320716121"
"36385479","Singlet fission initiating triplet generations of BODIPY derivatives through [Formula: see text]-stacking: a theoretical study","Tsuneda T, Taketsugu T.","Sci Rep. 2022 Nov 16;12(1):19714. doi: 10.1038/s41598-022-23370-y.","Tsuneda T","Sci Rep","2022","2022/11/17","PMC9668823","","10.1038/s41598-022-23370-y"
"40106267","Synthetic Data-Driven Approaches for Chinese Medical Abstract Sentence Classification: Computational Study","Li J, Wang Z, Yu L, Liu H, Song H.","JMIR Form Res. 2025 Mar 19;9:e54803. doi: 10.2196/54803.","Li J","JMIR Form Res","2025","2025/03/19","PMC11939029","","10.2196/54803"
"41413824","SimSUM - simulated benchmark with structured and unstructured medical records","Rabaey P, Heytens S, Demeester T.","J Biomed Semantics. 2025 Dec 18;16(1):20. doi: 10.1186/s13326-025-00341-6.","Rabaey P","J Biomed Semantics","2025","2025/12/19","PMC12713242","","10.1186/s13326-025-00341-6"
"40184460","FairDiffusion: Enhancing equity in latent diffusion models via fair Bayesian perturbation","Luo Y, Khan MO, Wen C, Afzal MM, Wuermeling TF, Shi M, Tian Y, Fang Y, Wang M.","Sci Adv. 2025 Apr 4;11(14):eads4593. doi: 10.1126/sciadv.ads4593. Epub 2025 Apr 4.","Luo Y","Sci Adv","2025","2025/04/04","","","10.1126/sciadv.ads4593"
"32053808","MR to CT synthesis with multicenter data in the pelvic area using a conditional generative adversarial network","Brou Boni KND, Klein J, Vanquin L, Wagner A, Lacornerie T, Pasquier D, Reynaert N.","Phys Med Biol. 2020 Apr 2;65(7):075002. doi: 10.1088/1361-6560/ab7633.","Brou Boni KND","Phys Med Biol","2020","2020/02/14","","","10.1088/1361-6560/ab7633"
"31438206","An Adversorial Approach to Enable Re-Use of Machine Learning Models and Collaborative Research Efforts Using Synthetic Unstructured Free-Text Medical Data","Kasthurirathne SN, Dexter G, Grannis SJ.","Stud Health Technol Inform. 2019 Aug 21;264:1510-1511. doi: 10.3233/SHTI190509.","Kasthurirathne SN","Stud Health Technol Inform","2019","2019/08/24","","","10.3233/SHTI190509"
"33380324","Utilizing deep learning and graph mining to identify drug use on Twitter data","Tassone J, Yan P, Simpson M, Mendhe C, Mago V, Choudhury S.","BMC Med Inform Decis Mak. 2020 Dec 30;20(Suppl 11):304. doi: 10.1186/s12911-020-01335-3.","Tassone J","BMC Med Inform Decis Mak","2020","2020/12/31","PMC7772918","","10.1186/s12911-020-01335-3"
"41328496","Enabling Just-in-Time Clinical Oncology Analysis With Large Language Models: Feasibility and Validation Study Using Unstructured Synthetic Data","May P, Greß J, Seidel C, Sommer S, Schuler MK, Nokodian S, Schröder F, Jung J.","JMIR Med Inform. 2025 Dec 1;13:e78332. doi: 10.2196/78332.","May P","JMIR Med Inform","2025","2025/12/02","PMC12670046","","10.2196/78332"
"32962272","Predicting Daily Sheltering Arrangements among Youth Experiencing Homelessness Using Diary Measurements Collected by Ecological Momentary Assessment","Suchting R, Businelle MS, Hwang SW, Padhye NS, Yang Y, Santa Maria DM.","Int J Environ Res Public Health. 2020 Sep 20;17(18):6873. doi: 10.3390/ijerph17186873.","Suchting R","Int J Environ Res Public Health","2020","2020/09/23","PMC7558709","","10.3390/ijerph17186873"
"41225562","Clinical implementation of deep learning-based synthetic CT for MRI-only volumetric modulated arc therapy in head and neck and pelvic cancer patients","Earwong P, Puttanawarut C, Suphaphong S, Worapruekjaru L, Jiarpinitnun C, Sawapabmongkon T, Changkaew P, Asavaphatiboon S, Khachonkham S.","Radiat Oncol. 2025 Nov 12;20(1):166. doi: 10.1186/s13014-025-02744-2.","Earwong P","Radiat Oncol","2025","2025/11/13","PMC12613521","","10.1186/s13014-025-02744-2"
"41032561","Text-Driven Weakly Supervised OCT Lesion Segmentation with Structural Guidance","Yang J, Mehta N, Hu X, Chen C, Tsai CL.","IEEE J Biomed Health Inform. 2025 Oct 1;PP. doi: 10.1109/JBHI.2025.3616290. Online ahead of print.","Yang J","IEEE J Biomed Health Inform","2025","2025/10/01","","","10.1109/JBHI.2025.3616290"
"41091144","Generative AI: Opportunities, Risks, and Responsibilities for Oral Sciences","Schwendicke F, Sidhu SK, Ferracane JL, Tichy A, Jakubovics NS.","J Dent Res. 2025 Dec;104(13):1429-1431. doi: 10.1177/00220345251356408. Epub 2025 Oct 15.","Schwendicke F","J Dent Res","2025","2025/10/15","PMC12578959","","10.1177/00220345251356408"
"38413839","Stress granules-membraneless organelles as therapeutic targets in pancreatic cancer","Schneider C, Schneider G.","EMBO Mol Med. 2024 Mar;16(3):429-431. doi: 10.1038/s44321-024-00040-2. Epub 2024 Feb 27.","Schneider C","EMBO Mol Med","2024","2024/02/27","PMC10940281","","10.1038/s44321-024-00040-2"
"40977370","A scalable framework for benchmark embedding models in semantic health-care tasks","Soffer S, Omar M, Gendler M, Glicksberg BS, Kovatch P, Efros O, Freeman R, Charney AW, Nadkarni GN, Klang E.","J Am Med Inform Assoc. 2025 Dec 1;32(12):1877-1887. doi: 10.1093/jamia/ocaf149.","Soffer S","J Am Med Inform Assoc","2025","2025/09/22","PMC12646376","","10.1093/jamia/ocaf149"
"39055931","ChatFFA: An ophthalmic chat system for unified vision-language understanding and question answering for fundus fluorescein angiography","Chen X, Xu P, Li Y, Zhang W, Song F, He M, Shi D.","iScience. 2024 May 17;27(7):110021. doi: 10.1016/j.isci.2024.110021. eCollection 2024 Jul 19.","Chen X","iScience","2024","2024/07/26","PMC11269310","","10.1016/j.isci.2024.110021"
"40702278","Synthetic data trained open-source language models are feasible alternatives to proprietary models for radiology reporting","Pandita A, Keniston A, Madhuripan N.","NPJ Digit Med. 2025 Jul 23;8(1):472. doi: 10.1038/s41746-025-01658-3.","Pandita A","NPJ Digit Med","2025","2025/07/23","PMC12287339","","10.1038/s41746-025-01658-3"
"40101227","Using Synthetic Health Care Data to Leverage Large Language Models for Named Entity Recognition: Development and Validation Study","Šuvalov H, Lepson M, Kukk V, Malk M, Ilves N, Kuulmets HA, Kolde R.","J Med Internet Res. 2025 Mar 18;27:e66279. doi: 10.2196/66279.","Šuvalov H","J Med Internet Res","2025","2025/03/18","PMC11962312","","10.2196/66279"
"40584736","Cross-institutional dental electronic health record entity extraction via generative artificial intelligence and synthetic notes","Chuang YS, Lee CT, Lin GH, Brandon R, Jiang X, Walji MF, Tokede O.","JAMIA Open. 2025 Jun 28;8(3):ooaf061. doi: 10.1093/jamiaopen/ooaf061. eCollection 2025 Jun.","Chuang YS","JAMIA Open","2025","2025/06/30","PMC12205731","","10.1093/jamiaopen/ooaf061"
"39566177","Multilingual feasibility of GPT-4o for automated Voice-to-Text CT and MRI report transcription","Busch F, Prucker P, Komenda A, Ziegelmayer S, Makowski MR, Bressem KK, Adams LC.","Eur J Radiol. 2025 Jan;182:111827. doi: 10.1016/j.ejrad.2024.111827. Epub 2024 Nov 17.","Busch F","Eur J Radiol","2025","2024/11/20","","","10.1016/j.ejrad.2024.111827"
"40134830","Addressing Class Imbalance with Latent Diffusion-based Data Augmentation for Improving Disease Classification in Pediatric Chest X-rays","Rajaraman S, Liang Z, Xue Z, Antani S.","Proceedings (IEEE Int Conf Bioinformatics Biomed). 2024 Dec;2024:5059-5066. doi: 10.1109/bibm62325.2024.10822172.","Rajaraman S","Proceedings (IEEE Int Conf Bioinformatics Biomed)","2024","2025/03/26","PMC11936509","NIHMS2041958","10.1109/bibm62325.2024.10822172"
"32445129","The effects of different levels of realism on the training of CNNs with only synthetic images for the semantic segmentation of robotic instruments in a head phantom","Heredia Perez SA, Marques Marinho M, Harada K, Mitsuishi M.","Int J Comput Assist Radiol Surg. 2020 Aug;15(8):1257-1265. doi: 10.1007/s11548-020-02185-0. Epub 2020 May 22.","Heredia Perez SA","Int J Comput Assist Radiol Surg","2020","2020/05/24","","","10.1007/s11548-020-02185-0"
"31437951","An Exploratory Study on Pseudo-Data Generation in Prescription and Adverse Drug Reaction Extraction","Tao C, Lee K, Filannino M, Uzuner Ö.","Stud Health Technol Inform. 2019 Aug 21;264:388-392. doi: 10.3233/SHTI190249.","Tao C","Stud Health Technol Inform","2019","2019/08/24","","","10.3233/SHTI190249"
"40804301","Using large language models for enhanced fraud analysis and detection in blockchain based health insurance claims","Islayem R, Gebreab S, AlKhader W, Musamih A, Salah K, Jayaraman R, Khan MK.","Sci Rep. 2025 Aug 13;15(1):29763. doi: 10.1038/s41598-025-15676-4.","Islayem R","Sci Rep","2025","2025/08/13","PMC12350640","","10.1038/s41598-025-15676-4"
"40380573","Leveraging Large Language Models for Synthetic Data Generation to Enhance Adverse Drug Event Detection in Tweets","Yazdani A, Rouhizadeh H, Bornet A, Teodoro D.","Stud Health Technol Inform. 2025 May 15;327:778-782. doi: 10.3233/SHTI250465.","Yazdani A","Stud Health Technol Inform","2025","2025/05/17","","","10.3233/SHTI250465"
"41345204","Investigation of ultrasound plane-wave imaging for optimal synthetic focusing","Jang D, Park J, Song JH, Song TK, Yoon H.","Sci Rep. 2025 Dec 4;16(1):1057. doi: 10.1038/s41598-025-30595-0.","Jang D","Sci Rep","2025","2025/12/04","PMC12783737","","10.1038/s41598-025-30595-0"
"40556118","Radiology Synthetic Confusion: How Generative Artificial Intelligence Amplifies Misunderstandings of Radiologists and Technologists in Patient-Facing Media","Al-Naser Y, Sharma S, Niure K, Ibach K, Yong-Hing CJ.","Can Assoc Radiol J. 2026 Feb;77(1):98-106. doi: 10.1177/08465371251350085. Epub 2025 Jun 24.","Al-Naser Y","Can Assoc Radiol J","2026","2025/06/25","","","10.1177/08465371251350085"
"41110740","TriMedPrompt: A unified prompting framework for realistic and layout-conformant clinical progress note synthesis","Keerthana G, Gupta M.","J Biomed Inform. 2025 Nov;171:104927. doi: 10.1016/j.jbi.2025.104927. Epub 2025 Oct 17.","Keerthana G","J Biomed Inform","2025","2025/10/19","","","10.1016/j.jbi.2025.104927"
"41267853","Benchmarking speech-to-text robustness in noisy emergency medical dialogues: an evaluation of models under realistic acoustic conditions","Moser D, Stanic N, Sariyar M.","JAMIA Open. 2025 Nov 19;8(6):ooaf147. doi: 10.1093/jamiaopen/ooaf147. eCollection 2025 Dec.","Moser D","JAMIA Open","2025","2025/11/21","PMC12628192","","10.1093/jamiaopen/ooaf147"
"40825542","Magnitude and Impact of Hallucinations in Tabular Synthetic Health Data on Prognostic Machine Learning Models: Validation Study","Pilgram L, El Kababji S, Liu D, El Emam K.","J Med Internet Res. 2025 Aug 18;27:e77893. doi: 10.2196/77893.","Pilgram L","J Med Internet Res","2025","2025/08/18","PMC12402739","","10.2196/77893"
"40176046","Gantry-based pencil beam scanning proton therapy for uveal melanoma: IMPT versus proton arc therapy","Qi H, Hu L, Huang S, Lee YP, Yu F, Chen Q, Yang Y, Kang M, Zhai H, Vermeulen M, Shim A, Park P, Ding X, Zhou J, Abramson DH, Francis JH, Simone CB 2nd, Barker CA, Lin H.","Radiat Oncol. 2025 Apr 2;20(1):48. doi: 10.1186/s13014-025-02621-y.","Qi H","Radiat Oncol","2025","2025/04/02","PMC11963511","","10.1186/s13014-025-02621-y"
"31006106","Learning to detect anatomical landmarks of the pelvis in X-rays from arbitrary views","Bier B, Goldmann F, Zaech JN, Fotouhi J, Hegeman R, Grupp R, Armand M, Osgood G, Navab N, Maier A, Unberath M.","Int J Comput Assist Radiol Surg. 2019 Sep;14(9):1463-1473. doi: 10.1007/s11548-019-01975-5. Epub 2019 Apr 20.","Bier B","Int J Comput Assist Radiol Surg","2019","2019/04/22","PMC7297500","NIHMS1594189","10.1007/s11548-019-01975-5"
"26157987","Multimodal reconstruction of microvascular-flow distributions using combined two-photon microscopy and Doppler optical coherence tomography","Gagnon L, Sakadžić S, Lesage F, Mandeville ET, Fang Q, Yaseen MA, Boas DA.","Neurophotonics. 2015 Jan;2(1):015008. doi: 10.1117/1.NPh.2.1.015008. Epub 2015 Mar 12.","Gagnon L","Neurophotonics","2015","2015/07/10","PMC4478873","","10.1117/1.NPh.2.1.015008"
"40298358","Multimodal Generative AI for Anatomic Pathology-A Review of Current Applications to Envisage the Future Direction","Ullah E, Baig MM, Waqas A, Rasool G, Singh R, Shandilya A, GholamHossieni H, Parwani AV.","Adv Anat Pathol. 2025 Apr 29. doi: 10.1097/PAP.0000000000000498. Online ahead of print.","Ullah E","Adv Anat Pathol","2025","2025/04/29","","","10.1097/PAP.0000000000000498"
"40899538","From Proprietary Printed Forms to Standardized Digital Exchange Formats - Care Transition Records to FHIR as an Example","Werlitz V, Kleybolte L, Balic S, Mess EV, Mahler A, Reuter C, Teynor A.","Stud Health Technol Inform. 2025 Sep 3;331:162-169. doi: 10.3233/SHTI251392.","Werlitz V","Stud Health Technol Inform","2025","2025/09/03","","","10.3233/SHTI251392"
"41419855","Modeling ROI in chronic disease management: a simulation-based framework integrating patient adherence and policy timing","Cha J, Cha ED, Yoo EH, Song H.","BMC Public Health. 2025 Dec 19;25(1):4270. doi: 10.1186/s12889-025-25279-3.","Cha J","BMC Public Health","2025","2025/12/19","PMC12717686","","10.1186/s12889-025-25279-3"
"41536390","Distinguishing Between AI-Generated and Human-Written Electronic Residency Application Service (ERAS) Personal Statements in Otolaryngology","Menon R, Solomon D, Berenson M, Kushnir V, Shapiro Y.","Cureus. 2025 Dec 14;17(12):e99202. doi: 10.7759/cureus.99202. eCollection 2025 Dec.","Menon R","Cureus","2025","2026/01/15","PMC12799199","","10.7759/cureus.99202"
"33590354","An alternative analysis of contrast-variation neutron scattering data of casein micelles in semi-deuterated milk","Smith GN.","Eur Phys J E Soft Matter. 2021 Feb 15;44(1):5. doi: 10.1140/epje/s10189-021-00023-y.","Smith GN","Eur Phys J E Soft Matter","2021","2021/02/16","","","10.1140/epje/s10189-021-00023-y"
"26321800","Sampling from Dirichlet process mixture models with unknown concentration parameter: mixing issues in large data implementations","Hastie DI, Liverani S, Richardson S.","Stat Comput. 2015;25(5):1023-1037. doi: 10.1007/s11222-014-9471-3. Epub 2014 May 3.","Hastie DI","Stat Comput","2015","2015/09/01","PMC4550296","","10.1007/s11222-014-9471-3"
"41353288","ClipFaceFusion multi modal diffusion for high fidelity facial generation and modification","Jiang X, Ding Y.","Sci Rep. 2025 Dec 6;16(1):1439. doi: 10.1038/s41598-025-31331-4.","Jiang X","Sci Rep","2025","2025/12/06","PMC12796247","","10.1038/s41598-025-31331-4"
"39899851","Patient-Generated Collections for Organizing Electronic Health Record Data to Elevate Personal Meaning, Improve Actionability, and Support Patient-Health Care Provider Communication: Think-Aloud Evaluation Study","Nakikj D, Kreda D, Luthria K, Gehlenborg N.","JMIR Hum Factors. 2025 Feb 3;12:e50331. doi: 10.2196/50331.","Nakikj D","JMIR Hum Factors","2025","2025/02/03","PMC11833264","","10.2196/50331"
"40635002","A holistic framework for intradialytic hypotension prediction using generative adversarial networks-based data balancing","Lin HM, Lyu J.","BMC Med Inform Decis Mak. 2025 Jul 10;25(1):257. doi: 10.1186/s12911-025-03094-5.","Lin HM","BMC Med Inform Decis Mak","2025","2025/07/09","PMC12243283","","10.1186/s12911-025-03094-5"
"27622499","Functional gold nanoparticle-based antibacterial agents for nosocomial and antibiotic-resistant bacteria","Kuo YL, Wang SG, Wu CY, Lee KC, Jao CJ, Chou SH, Chen YC.","Nanomedicine (Lond). 2016 Oct;11(19):2497-510. doi: 10.2217/nnm-2016-0232. Epub 2016 Sep 13.","Kuo YL","Nanomedicine (Lond)","2016","2016/09/14","","","10.2217/nnm-2016-0232"
"41100527","Large Language Models for Automating Clinical Trial Criteria Conversion to Observational Medical Outcomes Partnership Common Data Model Queries: Validation and Evaluation Study","Lee KH, Jang S, Kim GJ, Park S, Kim D, Kwon OJ, Lee JH, Kim YH.","JMIR Med Inform. 2025 Oct 16;13:e71252. doi: 10.2196/71252.","Lee KH","JMIR Med Inform","2025","2025/10/16","PMC12530336","","10.2196/71252"
"40279645","Enhancing Bidirectional Encoder Representations From Transformers (BERT) With Frame Semantics to Extract Clinically Relevant Information From German Mammography Reports: Algorithm Development and Validation","Reichenpfader D, Knupp J, von Däniken SU, Gaio R, Dennstädt F, Cereghetti GM, Sander A, Hiltbrunner H, Nairz K, Denecke K.","J Med Internet Res. 2025 Apr 25;27:e68427. doi: 10.2196/68427.","Reichenpfader D","J Med Internet Res","2025","2025/04/25","PMC12064967","","10.2196/68427"
"40703108","Automated transformation of unstructured cardiovascular diagnostic reports into structured datasets using sequentially deployed large language models","Shankar SV, Dhingra LS, Aminorroaya A, Adejumo P, Nadkarni GN, Xu H, Brandt C, Oikonomou EK, Pedroso AF, Khera R.","Eur Heart J Digit Health. 2025 Apr 2;6(4):783-796. doi: 10.1093/ehjdh/ztaf030. eCollection 2025 Jul.","Shankar SV","Eur Heart J Digit Health","2025","2025/07/24","PMC12282380","","10.1093/ehjdh/ztaf030"
"41413194","Signal Fidelity Index-aware calibration for addressing distributional shift in predictive modeling across heterogeneous real-world data","Cheng J, Tian J, Spoto F, Azhir A, Mork D, Estiri H.","Sci Rep. 2025 Dec 18. doi: 10.1038/s41598-025-32656-w. Online ahead of print.","Cheng J","Sci Rep","2025","2025/12/18","","","10.1038/s41598-025-32656-w"
"40755813","A Pipeline for Automating Emergency Medicine Documentation Using LLMs with Retrieval-Augmented Text Generation","Moser D, Bender M, Sariyar M.","Appl Artif Intell. 2025 Jun 18;39(1):2519169. doi: 10.1080/08839514.2025.2519169. eCollection 2025.","Moser D","Appl Artif Intell","2025","2025/08/04","PMC12315831","","10.1080/08839514.2025.2519169"
